,Price,Condition,Seller,ProductName,Brand,Feature1Name,Feature1,Feature2Name,Feature2
3,$328.05,New,Springfield Distribution,Nintendo Switch with Gray Joy‑Con - HAC-001(-01),by Nintendo,Style:,Console,Color:,Gray HAC-001(-01)
4,$399.99,New,Acebeach,Nintendo Switch with Gray Joy‑Con - HAC-001(-01),by Nintendo,Style:,Console,Color:,Gray HAC-001(-01)
7,$291.00,New,CherieAndDavid,Nintendo Switch with Gray Joy‑Con - HAC-001(-01),by Nintendo,Style:,Console,Color:,Gray HAC-001(-01)
9,$333.99,New,Beach Camera Same Day Shipping,Nintendo Switch with Gray Joy‑Con - HAC-001(-01),by Nintendo,Style:,Console,Color:,Gray HAC-001(-01)
1,$327.50,New,Kliickit,Nintendo Switch with Neon Blue and Neon Red Joy‑Con - HAC-001(-01),by Nintendo,Style:,Console,Color:,Neon Blue and Red HAC-001(-01)
2,$334.99,New,MallStop,Nintendo Switch with Neon Blue and Neon Red Joy‑Con - HAC-001(-01),by Nintendo,Style:,Console,Color:,Neon Blue and Red HAC-001(-01)
3,$348.95,New,Springfield Distribution,Nintendo Switch with Neon Blue and Neon Red Joy‑Con - HAC-001(-01),by Nintendo,Style:,Console,Color:,Neon Blue and Red HAC-001(-01)
4,$379.99,New,"Amazing Bookshelf, Llc",Nintendo Switch with Neon Blue and Neon Red Joy‑Con - HAC-001(-01),by Nintendo,Style:,Console,Color:,Neon Blue and Red HAC-001(-01)
5,$326.99,New,YYY Trade,Nintendo Switch with Neon Blue and Neon Red Joy‑Con - HAC-001(-01),by Nintendo,Style:,Console,Color:,Neon Blue and Red HAC-001(-01)
6,$419.99,New,Acebeach,Nintendo Switch with Neon Blue and Neon Red Joy‑Con - HAC-001(-01),by Nintendo,Style:,Console,Color:,Neon Blue and Red HAC-001(-01)
8,$327.28,New,ZDeals,Nintendo Switch with Neon Blue and Neon Red Joy‑Con - HAC-001(-01),by Nintendo,Style:,Console,Color:,Neon Blue and Red HAC-001(-01)
9,$332.17,New,Adorama,Nintendo Switch with Neon Blue and Neon Red Joy‑Con - HAC-001(-01),by Nintendo,Style:,Console,Color:,Neon Blue and Red HAC-001(-01)
1,$354.30,New,Eitemsbuz,Nintendo Switch w/ Gray Joy-Con + Mario Kart 8 Deluxe (Full Game Download) - Switch,by Nintendo,Platform for Display:,Nintendo Switch Gray,Edition:,Nintendo Switch Mario Kart 8 Deluxe Bundle
2,$356.04,New,PAC People,Nintendo Switch w/ Gray Joy-Con + Mario Kart 8 Deluxe (Full Game Download) - Switch,by Nintendo,Platform for Display:,Nintendo Switch Gray,Edition:,Nintendo Switch Mario Kart 8 Deluxe Bundle
3,$366.80,New,End Game Tech,Nintendo Switch w/ Gray Joy-Con + Mario Kart 8 Deluxe (Full Game Download) - Switch,by Nintendo,Platform for Display:,Nintendo Switch Gray,Edition:,Nintendo Switch Mario Kart 8 Deluxe Bundle
4,$366.84,New,DealZone Distributors,Nintendo Switch w/ Gray Joy-Con + Mario Kart 8 Deluxe (Full Game Download) - Switch,by Nintendo,Platform for Display:,Nintendo Switch Gray,Edition:,Nintendo Switch Mario Kart 8 Deluxe Bundle
5,$366.85,New,Delubbi Inc.,Nintendo Switch w/ Gray Joy-Con + Mario Kart 8 Deluxe (Full Game Download) - Switch,by Nintendo,Platform for Display:,Nintendo Switch Gray,Edition:,Nintendo Switch Mario Kart 8 Deluxe Bundle
6,$366.88,New,Hollywoodseller,Nintendo Switch w/ Gray Joy-Con + Mario Kart 8 Deluxe (Full Game Download) - Switch,by Nintendo,Platform for Display:,Nintendo Switch Gray,Edition:,Nintendo Switch Mario Kart 8 Deluxe Bundle
7,$366.88,New,USA Supply Source,Nintendo Switch w/ Gray Joy-Con + Mario Kart 8 Deluxe (Full Game Download) - Switch,by Nintendo,Platform for Display:,Nintendo Switch Gray,Edition:,Nintendo Switch Mario Kart 8 Deluxe Bundle
8,$368.42,New,LittlePiggy_Tech,Nintendo Switch w/ Gray Joy-Con + Mario Kart 8 Deluxe (Full Game Download) - Switch,by Nintendo,Platform for Display:,Nintendo Switch Gray,Edition:,Nintendo Switch Mario Kart 8 Deluxe Bundle
9,$369.00,New,AMAZING WAREHOUSE DEAL(Record SN),Nintendo Switch w/ Gray Joy-Con + Mario Kart 8 Deluxe (Full Game Download) - Switch,by Nintendo,Platform for Display:,Nintendo Switch Gray,Edition:,Nintendo Switch Mario Kart 8 Deluxe Bundle
2,$365.00,New,38 Deal,Nintendo Switch w/ Neon Blue & Neon Red Joy-Con + Mario Kart 8 Deluxe (Full Game Download) - Switch,by Nintendo,Platform for Display:,Nintendo Switch Neon,Edition:,Nintendo Switch Mario Kart 8 Deluxe Bundle
3,$361.01,New,Eitemsbuz,Nintendo Switch w/ Neon Blue & Neon Red Joy-Con + Mario Kart 8 Deluxe (Full Game Download) - Switch,by Nintendo,Platform for Display:,Nintendo Switch Neon,Edition:,Nintendo Switch Mario Kart 8 Deluxe Bundle
4,$379.00,New,best2everyone,Nintendo Switch w/ Neon Blue & Neon Red Joy-Con + Mario Kart 8 Deluxe (Full Game Download) - Switch,by Nintendo,Platform for Display:,Nintendo Switch Neon,Edition:,Nintendo Switch Mario Kart 8 Deluxe Bundle
5,$379.00,New,NW Electronics(SN Recorded),Nintendo Switch w/ Neon Blue & Neon Red Joy-Con + Mario Kart 8 Deluxe (Full Game Download) - Switch,by Nintendo,Platform for Display:,Nintendo Switch Neon,Edition:,Nintendo Switch Mario Kart 8 Deluxe Bundle
6,$379.98,New,bestbendover (Machine Serial Number Recorded),Nintendo Switch w/ Neon Blue & Neon Red Joy-Con + Mario Kart 8 Deluxe (Full Game Download) - Switch,by Nintendo,Platform for Display:,Nintendo Switch Neon,Edition:,Nintendo Switch Mario Kart 8 Deluxe Bundle
7,$386.00,New,busylittlebee,Nintendo Switch w/ Neon Blue & Neon Red Joy-Con + Mario Kart 8 Deluxe (Full Game Download) - Switch,by Nintendo,Platform for Display:,Nintendo Switch Neon,Edition:,Nintendo Switch Mario Kart 8 Deluxe Bundle
8,$386.00,New,Hollywoodseller,Nintendo Switch w/ Neon Blue & Neon Red Joy-Con + Mario Kart 8 Deluxe (Full Game Download) - Switch,by Nintendo,Platform for Display:,Nintendo Switch Neon,Edition:,Nintendo Switch Mario Kart 8 Deluxe Bundle
9,$386.00,New,MicroUnion,Nintendo Switch w/ Neon Blue & Neon Red Joy-Con + Mario Kart 8 Deluxe (Full Game Download) - Switch,by Nintendo,Platform for Display:,Nintendo Switch Neon,Edition:,Nintendo Switch Mario Kart 8 Deluxe Bundle
9,$369.00,New,Happy Ranger,Nintendo Switch w/ Gray Joy-Con + Mario Kart 8 Deluxe (Full Game Download) - Switch,by Nintendo,Platform for Display:,Nintendo Switch Gray,Edition:,Nintendo Switch Mario Kart 8 Deluxe Bundle
2,$197.99,New,GAMEZLAND,LITE CONSOLE,,Color:,Lowest offer for each,Style:,Lowest offer for each
0,$196.70,New,Pro-Distributing,Nintendo Switch Lite - Gray,by Nintendo,Color:,Gray,Style:,Lite Console
1,$196.79,New,TRENDY-TECH (We Record Serial Numbers),Nintendo Switch Lite - Gray,by Nintendo,Color:,Gray,Style:,Lite Console
2,$197.99,New,GAMEZLAND,Nintendo Switch Lite - Gray,by Nintendo,Color:,Gray,Style:,Lite Console
3,$197.99,New,YYY Trade,Nintendo Switch Lite - Gray,by Nintendo,Color:,Gray,Style:,Lite Console
4,$198.78,New,Maverick Macs,Nintendo Switch Lite - Gray,by Nintendo,Color:,Gray,Style:,Lite Console
5,$198.95,New,Express Sales Sales,Nintendo Switch Lite - Gray,by Nintendo,Color:,Gray,Style:,Lite Console
6,$199.03,New,Scott's Stuff Inc.,Nintendo Switch Lite - Gray,by Nintendo,Color:,Gray,Style:,Lite Console
7,$199.25,New,MallStop,Nintendo Switch Lite - Gray,by Nintendo,Color:,Gray,Style:,Lite Console
8,$199.89,New,Tech deal (we record S/N) NO TAX for most states,Nintendo Switch Lite - Gray,by Nintendo,Color:,Gray,Style:,Lite Console
9,$199.95,New,TopRated2020,Nintendo Switch Lite - Gray,by Nintendo,Color:,Gray,Style:,Lite Console
2,$197.99,New,TRENDY-TECH (We Record Serial Numbers),LITE CONSOLE,,Color:,Lowest offer for each,Style:,Lowest offer for each
0,$197.99,New,TRENDY-TECH (We Record Serial Numbers),Nintendo Switch Lite - Turquoise,by Nintendo,Color:,Turquoise,Style:,Lite Console
1,$197.99,New,GAMEZLAND,Nintendo Switch Lite - Turquoise,by Nintendo,Color:,Turquoise,Style:,Lite Console
2,$198.00,New,Pro-Distributing,Nintendo Switch Lite - Turquoise,by Nintendo,Color:,Turquoise,Style:,Lite Console
3,$198.98,New,DealZone Distributors,Nintendo Switch Lite - Turquoise,by Nintendo,Color:,Turquoise,Style:,Lite Console
4,$198.98,New,Scott's Stuff Inc.,Nintendo Switch Lite - Turquoise,by Nintendo,Color:,Turquoise,Style:,Lite Console
5,$220.00,New,Ravenholm Electronics,Nintendo Switch Lite - Turquoise,by Nintendo,Color:,Turquoise,Style:,Lite Console
6,$229.00,New,AAA-Shop,Nintendo Switch Lite - Turquoise,by Nintendo,Color:,Turquoise,Style:,Lite Console
7,$263.08,New,newtownvideos,Nintendo Switch Lite - Turquoise,by Nintendo,Color:,Turquoise,Style:,Lite Console
8,$240.00,New,Delaware,Nintendo Switch Lite - Turquoise,by Nintendo,Color:,Turquoise,Style:,Lite Console
9,$217.43,New,Adorama,Nintendo Switch Lite - Turquoise,by Nintendo,Color:,Turquoise,Style:,Lite Console
0,$198.97,New,Scott's Stuff Inc.,Nintendo Switch Lite - Yellow,by Nintendo,Color:,Yellow,Style:,Lite Console
1,$198.99,New,DealZone Distributors,Nintendo Switch Lite - Yellow,by Nintendo,Color:,Yellow,Style:,Lite Console
2,$198.99,New,MallStop,Nintendo Switch Lite - Yellow,by Nintendo,Color:,Yellow,Style:,Lite Console
3,$198.99,New,WorldWide Distributors,Nintendo Switch Lite - Yellow,by Nintendo,Color:,Yellow,Style:,Lite Console
4,$198.99,New,Pro-Distributing,Nintendo Switch Lite - Yellow,by Nintendo,Color:,Yellow,Style:,Lite Console
5,$199.00,New,Express Sales Sales,Nintendo Switch Lite - Yellow,by Nintendo,Color:,Yellow,Style:,Lite Console
6,$199.00,New,SYSTEMS & ELECTRONICS LLC,Nintendo Switch Lite - Yellow,by Nintendo,Color:,Yellow,Style:,Lite Console
7,$199.00,New,GAMEZLAND,Nintendo Switch Lite - Yellow,by Nintendo,Color:,Yellow,Style:,Lite Console
8,$199.99,New,Tech deal (we record S/N) NO TAX for most states,Nintendo Switch Lite - Yellow,by Nintendo,Color:,Yellow,Style:,Lite Console
9,$220.00,New,Ravenholm Electronics,Nintendo Switch Lite - Yellow,by Nintendo,Color:,Yellow,Style:,Lite Console
1,$345.00,New,SU Games,Nintendo Switch - Gray Joy-Con - HAC 001 (Discontinued by Manufacturer),by Nintendo,Style:,Console,Color:,Gray
2,$347.00,New,Asure+ service,Nintendo Switch - Gray Joy-Con - HAC 001 (Discontinued by Manufacturer),by Nintendo,Style:,Console,Color:,Gray
3,$347.00,New,NEW DJ CORPORATION,Nintendo Switch - Gray Joy-Con - HAC 001 (Discontinued by Manufacturer),by Nintendo,Style:,Console,Color:,Gray
4,$355.00,New,"NiceBuy (free tax, 2days shipping available)",Nintendo Switch - Gray Joy-Con - HAC 001 (Discontinued by Manufacturer),by Nintendo,Style:,Console,Color:,Gray
5,$375.00,New,TJEtreasures,Nintendo Switch - Gray Joy-Con - HAC 001 (Discontinued by Manufacturer),by Nintendo,Style:,Console,Color:,Gray
6,$376.00,New,Rush4Deals,Nintendo Switch - Gray Joy-Con - HAC 001 (Discontinued by Manufacturer),by Nintendo,Style:,Console,Color:,Gray
7,$335.00,New,Ravenholm Electronics,Nintendo Switch - Gray Joy-Con - HAC 001 (Discontinued by Manufacturer),by Nintendo,Style:,Console,Color:,Gray
8,$409.05,New,Top100deals,Nintendo Switch - Gray Joy-Con - HAC 001 (Discontinued by Manufacturer),by Nintendo,Style:,Console,Color:,Gray
9,$420.00,New,Dean Mosley LLC,Nintendo Switch - Gray Joy-Con - HAC 001 (Discontinued by Manufacturer),by Nintendo,Style:,Console,Color:,Gray
6,$314.99,New,levana's  IBCW,Nintendo Switch – Neon Red and Neon Blue Joy-Con - HAC 001 (Discontinued by Manufacturer),by Nintendo,Style:,Console,Color:,Neon Blue and Red
7,$319.99,New,Shopville USA,Nintendo Switch – Neon Red and Neon Blue Joy-Con - HAC 001 (Discontinued by Manufacturer),by Nintendo,Style:,Console,Color:,Neon Blue and Red
8,$328.00,New,Ultra Design,Nintendo Switch – Neon Red and Neon Blue Joy-Con - HAC 001 (Discontinued by Manufacturer),by Nintendo,Style:,Console,Color:,Neon Blue and Red
9,$329.99,New,Glazed Black Cherry,Nintendo Switch – Neon Red and Neon Blue Joy-Con - HAC 001 (Discontinued by Manufacturer),by Nintendo,Style:,Console,Color:,Neon Blue and Red
9,$369.00,New,Matrix  Electronics (SN recorded),Nintendo Switch w/ Gray Joy-Con + Mario Kart 8 Deluxe (Full Game Download) - Switch,by Nintendo,Platform for Display:,Nintendo Switch Gray,Edition:,Nintendo Switch Mario Kart 8 Deluxe Bundle
9,$335.00,New,American deals!,Nintendo Switch with Neon Blue and Neon Red Joy‑Con - HAC-001(-01),by Nintendo,Style:,Console,Color:,Neon Blue and Red HAC-001(-01)
2,$48.75,New,games_for_sale,"Pokemon: Let's Go, Eevee!",by Nintendo,Platform:,Nintendo Switch,Edition:,"Let's Go, Eevee!"
3,$45.99,New,magical_realism,"Pokemon: Let's Go, Eevee!",by Nintendo,Platform:,Nintendo Switch,Edition:,"Let's Go, Eevee!"
4,$53.99,New,SkyNetWorks,"Pokemon: Let's Go, Eevee!",by Nintendo,Platform:,Nintendo Switch,Edition:,"Let's Go, Eevee!"
5,$53.99,New,J.F.J(We record Serial number to prevent FRAUD),"Pokemon: Let's Go, Eevee!",by Nintendo,Platform:,Nintendo Switch,Edition:,"Let's Go, Eevee!"
6,$59.95,New,game-ware,"Pokemon: Let's Go, Eevee!",by Nintendo,Platform:,Nintendo Switch,Edition:,"Let's Go, Eevee!"
7,$55.95,New,RAREWAVES-USA,"Pokemon: Let's Go, Eevee!",by Nintendo,Platform:,Nintendo Switch,Edition:,"Let's Go, Eevee!"
9,$47.59,New,Springfield Distribution,"Pokemon: Let's Go, Eevee!",by Nintendo,Platform:,Nintendo Switch,Edition:,"Let's Go, Eevee!"
2,$104.97,New,RAREWAVES-USA,"Pokémon: Let’s Go, Eevee! + Poké Ball Plus Pack",by Nintendo,Platform:,Nintendo Switch,Edition:,"Let's Go, Eevee! Bundle"
3,$110.90,New,Toneman Shop,"Pokémon: Let’s Go, Eevee! + Poké Ball Plus Pack",by Nintendo,Platform:,Nintendo Switch,Edition:,"Let's Go, Eevee! Bundle"
4,$119.30,New,WorldWide Distributors,"Pokémon: Let’s Go, Eevee! + Poké Ball Plus Pack",by Nintendo,Platform:,Nintendo Switch,Edition:,"Let's Go, Eevee! Bundle"
5,$119.30,New,Delaware,"Pokémon: Let’s Go, Eevee! + Poké Ball Plus Pack",by Nintendo,Platform:,Nintendo Switch,Edition:,"Let's Go, Eevee! Bundle"
6,$129.00,New,Murloc Express,"Pokémon: Let’s Go, Eevee! + Poké Ball Plus Pack",by Nintendo,Platform:,Nintendo Switch,Edition:,"Let's Go, Eevee! Bundle"
8,$93.48,New,TPXpress,"Pokémon: Let’s Go, Eevee! + Poké Ball Plus Pack",by Nintendo,Platform:,Nintendo Switch,Edition:,"Let's Go, Eevee! Bundle"
2,$69.95,New,Superior Brands Warehouse ✔️,"Pokemon: Let's Go, Pikachu!",by Nintendo,Platform:,Nintendo Switch,Edition:,"Let's Go, Pikachu!"
3,$68.28,New,newtownvideos,"Pokemon: Let's Go, Pikachu!",by Nintendo,Platform:,Nintendo Switch,Edition:,"Let's Go, Pikachu!"
4,$58.95,New,Springfield Distribution,"Pokemon: Let's Go, Pikachu!",by Nintendo,Platform:,Nintendo Switch,Edition:,"Let's Go, Pikachu!"
6,$50.75,New,Platinumpremier,"Pokemon: Let's Go, Pikachu!",by Nintendo,Platform:,Nintendo Switch,Edition:,"Let's Go, Pikachu!"
7,$114.19,New,PC-WIZ-JAPAN,"Pokemon: Let's Go, Pikachu!",by Nintendo,Platform:,Nintendo Switch,Edition:,"Let's Go, Pikachu!"
8,$63.67,New,Adorama,"Pokemon: Let's Go, Pikachu!",by Nintendo,Platform:,Nintendo Switch,Edition:,"Let's Go, Pikachu!"
1,$114.99,New,PROGAMES USA,"Pokémon: Let’s Go, Pikachu! + Poké Ball Plus Pack",by Nintendo,Platform:,Nintendo Switch,Edition:,"Let's Go, Pikachu! Bundle"
2,$114.99,New,eKings,"Pokémon: Let’s Go, Pikachu! + Poké Ball Plus Pack",by Nintendo,Platform:,Nintendo Switch,Edition:,"Let's Go, Pikachu! Bundle"
3,$114.99,New,Wellness Forever!,"Pokémon: Let’s Go, Pikachu! + Poké Ball Plus Pack",by Nintendo,Platform:,Nintendo Switch,Edition:,"Let's Go, Pikachu! Bundle"
4,$114.99,New,DealZone Distributors,"Pokémon: Let’s Go, Pikachu! + Poké Ball Plus Pack",by Nintendo,Platform:,Nintendo Switch,Edition:,"Let's Go, Pikachu! Bundle"
5,$124.95,New,B&B Bargain Buys,"Pokémon: Let’s Go, Pikachu! + Poké Ball Plus Pack",by Nintendo,Platform:,Nintendo Switch,Edition:,"Let's Go, Pikachu! Bundle"
6,$124.99,New,Shopville USA,"Pokémon: Let’s Go, Pikachu! + Poké Ball Plus Pack",by Nintendo,Platform:,Nintendo Switch,Edition:,"Let's Go, Pikachu! Bundle"
7,$129.00,New,Delaware,"Pokémon: Let’s Go, Pikachu! + Poké Ball Plus Pack",by Nintendo,Platform:,Nintendo Switch,Edition:,"Let's Go, Pikachu! Bundle"
1,$449.00,New,Adler Deals,"Nintendo Switch Console Bundle - Pikachu & Eevee Edition with Pokemon: Let's Go, Eevee! + Poke Ball Plus",by Nintendo,Platform:,Nintendo Switch,Edition:,"Switch Let's Go, Eevee! Bundle"
2,$488.00,New,Zinke (Serial Numbers Recorded),"Nintendo Switch Console Bundle - Pikachu & Eevee Edition with Pokemon: Let's Go, Eevee! + Poke Ball Plus",by Nintendo,Platform:,Nintendo Switch,Edition:,"Switch Let's Go, Eevee! Bundle"
3,$484.95,New,VG1shop (Serial # Recorded),"Nintendo Switch Console Bundle - Pikachu & Eevee Edition with Pokemon: Let's Go, Eevee! + Poke Ball Plus",by Nintendo,Platform:,Nintendo Switch,Edition:,"Switch Let's Go, Eevee! Bundle"
4,$499.99,New,SmallBizz,"Nintendo Switch Console Bundle - Pikachu & Eevee Edition with Pokemon: Let's Go, Eevee! + Poke Ball Plus",by Nintendo,Platform:,Nintendo Switch,Edition:,"Switch Let's Go, Eevee! Bundle"
5,$505.00,New,Mega Deals & Savings,"Nintendo Switch Console Bundle - Pikachu & Eevee Edition with Pokemon: Let's Go, Eevee! + Poke Ball Plus",by Nintendo,Platform:,Nintendo Switch,Edition:,"Switch Let's Go, Eevee! Bundle"
6,$549.99,New,52 WEEKS DEAL,"Nintendo Switch Console Bundle - Pikachu & Eevee Edition with Pokemon: Let's Go, Eevee! + Poke Ball Plus",by Nintendo,Platform:,Nintendo Switch,Edition:,"Switch Let's Go, Eevee! Bundle"
7,$550.00,New,FirstOrder,"Nintendo Switch Console Bundle - Pikachu & Eevee Edition with Pokemon: Let's Go, Eevee! + Poke Ball Plus",by Nintendo,Platform:,Nintendo Switch,Edition:,"Switch Let's Go, Eevee! Bundle"
8,$589.99,New,Matrix  Electronics (SN recorded),"Nintendo Switch Console Bundle - Pikachu & Eevee Edition with Pokemon: Let's Go, Eevee! + Poke Ball Plus",by Nintendo,Platform:,Nintendo Switch,Edition:,"Switch Let's Go, Eevee! Bundle"
9,$599.00,New,Golden Deals Inc,"Nintendo Switch Console Bundle - Pikachu & Eevee Edition with Pokemon: Let's Go, Eevee! + Poke Ball Plus",by Nintendo,Platform:,Nintendo Switch,Edition:,"Switch Let's Go, Eevee! Bundle"
0,$410.00,New,GAMEZLAND,"Nintendo Switch Console Bundle- Pikachu & Eevee Edition with Pokemon: Let's Go, Pikachu! + Poke Ball Plus",by Nintendo,Platform:,Nintendo Switch,Edition:,"Switch Let's Go, Pikachu! Bundle"
1,$410.00,New,Direct Distributor,"Nintendo Switch Console Bundle- Pikachu & Eevee Edition with Pokemon: Let's Go, Pikachu! + Poke Ball Plus",by Nintendo,Platform:,Nintendo Switch,Edition:,"Switch Let's Go, Pikachu! Bundle"
2,$410.00,New,Asure+ service,"Nintendo Switch Console Bundle- Pikachu & Eevee Edition with Pokemon: Let's Go, Pikachu! + Poke Ball Plus",by Nintendo,Platform:,Nintendo Switch,Edition:,"Switch Let's Go, Pikachu! Bundle"
3,$412.75,New,best2everyone,"Nintendo Switch Console Bundle- Pikachu & Eevee Edition with Pokemon: Let's Go, Pikachu! + Poke Ball Plus",by Nintendo,Platform:,Nintendo Switch,Edition:,"Switch Let's Go, Pikachu! Bundle"
4,$415.00,New,applepear,"Nintendo Switch Console Bundle- Pikachu & Eevee Edition with Pokemon: Let's Go, Pikachu! + Poke Ball Plus",by Nintendo,Platform:,Nintendo Switch,Edition:,"Switch Let's Go, Pikachu! Bundle"
6,$417.80,New,Ontrend Deals,"Nintendo Switch Console Bundle- Pikachu & Eevee Edition with Pokemon: Let's Go, Pikachu! + Poke Ball Plus",by Nintendo,Platform:,Nintendo Switch,Edition:,"Switch Let's Go, Pikachu! Bundle"
7,$417.80,New,National Sales LLC (We Record S/N),"Nintendo Switch Console Bundle- Pikachu & Eevee Edition with Pokemon: Let's Go, Pikachu! + Poke Ball Plus",by Nintendo,Platform:,Nintendo Switch,Edition:,"Switch Let's Go, Pikachu! Bundle"
8,$417.80,New,best.2.u,"Nintendo Switch Console Bundle- Pikachu & Eevee Edition with Pokemon: Let's Go, Pikachu! + Poke Ball Plus",by Nintendo,Platform:,Nintendo Switch,Edition:,"Switch Let's Go, Pikachu! Bundle"
9,$417.95,New,Jazzer Shack,"Nintendo Switch Console Bundle- Pikachu & Eevee Edition with Pokemon: Let's Go, Pikachu! + Poke Ball Plus",by Nintendo,Platform:,Nintendo Switch,Edition:,"Switch Let's Go, Pikachu! Bundle"
3,$200.00,New,DealZone Distributors,Nintendo Switch Lite - Turquoise,by Nintendo,Color:,Turquoise,Style:,Lite Console
4,$215.02,New,Scott's Stuff Inc.,Nintendo Switch Lite - Turquoise,by Nintendo,Color:,Turquoise,Style:,Lite Console
